name,split,score,sharpe,total_return_pct,max_drawdown_pct,num_trades,win_rate_pct,profit_factor,annual_turnover,backtest_seconds,fee_rate,slippage_bps,processed_bars,total_bars,processed_bars_pct,status,error
current_strategy_cost_default,val,17.531507595693377,17.540930126581728,81.84792485674718,0.34770942529151916,7528,75.16483516483517,8.853259514740492,50942253.08883525,60.04777503013611,0.0005,1.0,6552,6552,100.0,full-horizon,
current_strategy_cost_x2,val,13.042208052055699,13.042208052055699,55.17202278795763,0.35091499581986096,7528,74.09733124018838,8.284271649072085,46744492.2151596,57.09843993186951,0.001,2.0,6552,6552,100.0,full-horizon,
current_strategy_cost_x3,val,7.321318633318701,7.321318633318701,27.74332610538072,0.7372870807445767,7528,71.30298273155417,6.826366301640244,42187774.45358651,57.34930157661438,0.0015,5.0,6552,6552,100.0,full-horizon,
