name,split,score,sharpe,total_return_pct,max_drawdown_pct,num_trades,win_rate_pct,profit_factor,annual_turnover,backtest_seconds,fee_rate,slippage_bps,processed_bars,total_bars,processed_bars_pct,status,error
current_strategy,val,14.133140787945164,14.133140787945164,79.6819883489966,1.2235362706351847,6469,74.481772694782,7.957803272508914,43603041.40990142,303.25186920166016,0.0005,1.0,6552,6552,100.0,full-horizon,
funding_arb,val,-0.1286357892193026,-0.1286357892193026,-0.6183104414309201,6.368725426131398,879,21.73913043478261,0.909954419251655,619440.9731942074,28.94110655784607,0.0005,1.0,6552,6552,100.0,full-horizon,
regime_mm,val,-0.32024928609782916,-0.32024928609782916,-3.1242919729287535,11.164966864203075,12858,2.2556390977443606,0.0054605521664851395,9647642.127947643,31.114491939544678,0.0005,1.0,6552,6552,100.0,full-horizon,
mean_reversion,val,-3.967559921934975,-3.3822457604750307,-26.16806857641204,26.706283229198892,3185,63.04619225967541,0.7497648913572268,19247996.36818029,30.42511010169983,0.0005,1.0,6552,6552,100.0,full-horizon,
avellaneda_mm,val,-999.0,0.0,0.0,0.0,0,0.0,0.0,0.0,33.045995473861694,0.0005,1.0,6552,6552,100.0,full-horizon,
momentum_breakout,val,-999.0,0.0,0.0,0.0,0,0.0,0.0,0.0,28.428516387939453,0.0005,1.0,6552,6552,100.0,full-horizon,
