{
  "split": "val",
  "budget_seconds": 900.0,
  "profile": "regime_switching",
  "generated_at": "2026-05-05T07:04:37Z",
  "leaderboard": [
    {
      "name": "current_strategy",
      "split": "val",
      "score": 14.133140787945164,
      "sharpe": 14.133140787945164,
      "total_return_pct": 79.6819883489966,
      "max_drawdown_pct": 1.2235362706351847,
      "num_trades": 6469,
      "win_rate_pct": 74.481772694782,
      "profit_factor": 7.957803272508914,
      "annual_turnover": 43603041.40990142,
      "backtest_seconds": 303.25186920166016,
      "fee_rate": 0.0005,
      "slippage_bps": 1.0,
      "processed_bars": 6552,
      "total_bars": 6552,
      "processed_bars_pct": 100.0,
      "status": "full-horizon",
      "error": ""
    },
    {
      "name": "funding_arb",
      "split": "val",
      "score": -0.1286357892193026,
      "sharpe": -0.1286357892193026,
      "total_return_pct": -0.6183104414309201,
      "max_drawdown_pct": 6.368725426131398,
      "num_trades": 879,
      "win_rate_pct": 21.73913043478261,
      "profit_factor": 0.909954419251655,
      "annual_turnover": 619440.9731942074,
      "backtest_seconds": 28.94110655784607,
      "fee_rate": 0.0005,
      "slippage_bps": 1.0,
      "processed_bars": 6552,
      "total_bars": 6552,
      "processed_bars_pct": 100.0,
      "status": "full-horizon",
      "error": ""
    },
    {
      "name": "regime_mm",
      "split": "val",
      "score": -0.32024928609782916,
      "sharpe": -0.32024928609782916,
      "total_return_pct": -3.1242919729287535,
      "max_drawdown_pct": 11.164966864203075,
      "num_trades": 12858,
      "win_rate_pct": 2.2556390977443606,
      "profit_factor": 0.0054605521664851395,
      "annual_turnover": 9647642.127947643,
      "backtest_seconds": 31.114491939544678,
      "fee_rate": 0.0005,
      "slippage_bps": 1.0,
      "processed_bars": 6552,
      "total_bars": 6552,
      "processed_bars_pct": 100.0,
      "status": "full-horizon",
      "error": ""
    },
    {
      "name": "mean_reversion",
      "split": "val",
      "score": -3.967559921934975,
      "sharpe": -3.3822457604750307,
      "total_return_pct": -26.16806857641204,
      "max_drawdown_pct": 26.706283229198892,
      "num_trades": 3185,
      "win_rate_pct": 63.04619225967541,
      "profit_factor": 0.7497648913572268,
      "annual_turnover": 19247996.36818029,
      "backtest_seconds": 30.42511010169983,
      "fee_rate": 0.0005,
      "slippage_bps": 1.0,
      "processed_bars": 6552,
      "total_bars": 6552,
      "processed_bars_pct": 100.0,
      "status": "full-horizon",
      "error": ""
    },
    {
      "name": "avellaneda_mm",
      "split": "val",
      "score": -999.0,
      "sharpe": 0.0,
      "total_return_pct": 0.0,
      "max_drawdown_pct": 0.0,
      "num_trades": 0,
      "win_rate_pct": 0.0,
      "profit_factor": 0.0,
      "annual_turnover": 0.0,
      "backtest_seconds": 33.045995473861694,
      "fee_rate": 0.0005,
      "slippage_bps": 1.0,
      "processed_bars": 6552,
      "total_bars": 6552,
      "processed_bars_pct": 100.0,
      "status": "full-horizon",
      "error": ""
    },
    {
      "name": "momentum_breakout",
      "split": "val",
      "score": -999.0,
      "sharpe": 0.0,
      "total_return_pct": 0.0,
      "max_drawdown_pct": 0.0,
      "num_trades": 0,
      "win_rate_pct": 0.0,
      "profit_factor": 0.0,
      "annual_turnover": 0.0,
      "backtest_seconds": 28.428516387939453,
      "fee_rate": 0.0005,
      "slippage_bps": 1.0,
      "processed_bars": 6552,
      "total_bars": 6552,
      "processed_bars_pct": 100.0,
      "status": "full-horizon",
      "error": ""
    }
  ],
  "cost_stress": [
    {
      "name": "current_strategy_cost_default",
      "split": "val",
      "score": 14.133140787945164,
      "sharpe": 14.133140787945164,
      "total_return_pct": 79.6819883489966,
      "max_drawdown_pct": 1.2235362706351847,
      "num_trades": 6469,
      "win_rate_pct": 74.481772694782,
      "profit_factor": 7.957803272508914,
      "annual_turnover": 43603041.40990142,
      "backtest_seconds": 295.5747218132019,
      "fee_rate": 0.0005,
      "slippage_bps": 1.0,
      "processed_bars": 6552,
      "total_bars": 6552,
      "processed_bars_pct": 100.0,
      "status": "full-horizon",
      "error": ""
    },
    {
      "name": "current_strategy_cost_x2",
      "split": "val",
      "score": 10.930967558759948,
      "sharpe": 10.930967558759948,
      "total_return_pct": 56.697576657789206,
      "max_drawdown_pct": 1.232220548618307,
      "num_trades": 6469,
      "win_rate_pct": 73.37383845604003,
      "profit_factor": 7.519985852298368,
      "annual_turnover": 40474810.16703318,
      "backtest_seconds": 280.18138432502747,
      "fee_rate": 0.001,
      "slippage_bps": 2.0,
      "processed_bars": 6552,
      "total_bars": 6552,
      "processed_bars_pct": 100.0,
      "status": "full-horizon",
      "error": ""
    },
    {
      "name": "current_strategy_cost_x3",
      "split": "val",
      "score": 6.865714268501674,
      "sharpe": 6.865714268501674,
      "total_return_pct": 32.397570892216315,
      "max_drawdown_pct": 1.2440769447600126,
      "num_trades": 6469,
      "win_rate_pct": 70.19299499642602,
      "profit_factor": 6.336070030720319,
      "annual_turnover": 36999494.65870469,
      "backtest_seconds": 293.4785888195038,
      "fee_rate": 0.0015,
      "slippage_bps": 5.0,
      "processed_bars": 6552,
      "total_bars": 6552,
      "processed_bars_pct": 100.0,
      "status": "full-horizon",
      "error": ""
    }
  ],
  "artifacts": {
    "leaderboard_csv": "artifacts\\research_full_horizon\\leaderboard.csv",
    "cost_stress_csv": "artifacts\\research_full_horizon\\cost_stress.csv",
    "summary_json": "artifacts\\research_full_horizon\\summary.json"
  }
}