{
  "split": "val",
  "budget_seconds": 900.0,
  "profile": "default",
  "generated_at": "2026-05-06T13:06:11Z",
  "leaderboard": [
    {
      "name": "current_strategy",
      "split": "val",
      "score": 17.531507595693377,
      "sharpe": 17.540930126581728,
      "total_return_pct": 81.84792485674718,
      "max_drawdown_pct": 0.34770942529151916,
      "num_trades": 7528,
      "win_rate_pct": 75.16483516483517,
      "profit_factor": 8.853259514740492,
      "annual_turnover": 50942253.08883525,
      "backtest_seconds": 71.30385828018188,
      "fee_rate": 0.0005,
      "slippage_bps": 1.0,
      "processed_bars": 6552,
      "total_bars": 6552,
      "processed_bars_pct": 100.0,
      "status": "full-horizon",
      "error": ""
    },
    {
      "name": "momentum_breakout",
      "split": "val",
      "score": 0.5727074354860606,
      "sharpe": 0.5727074354860606,
      "total_return_pct": 2.9973229411554345,
      "max_drawdown_pct": 4.522382682363615,
      "num_trades": 393,
      "win_rate_pct": 43.36734693877551,
      "profit_factor": 1.2228111917118314,
      "annual_turnover": 5330182.9920967845,
      "backtest_seconds": 32.62189793586731,
      "fee_rate": 0.0005,
      "slippage_bps": 1.0,
      "processed_bars": 6552,
      "total_bars": 6552,
      "processed_bars_pct": 100.0,
      "status": "full-horizon",
      "error": ""
    },
    {
      "name": "funding_arb",
      "split": "val",
      "score": -0.0626438719255598,
      "sharpe": -0.0626438719255598,
      "total_return_pct": -0.3803135656274244,
      "max_drawdown_pct": 7.159880671449435,
      "num_trades": 917,
      "win_rate_pct": 23.076923076923077,
      "profit_factor": 0.9561175490610453,
      "annual_turnover": 705620.2091097418,
      "backtest_seconds": 38.80215501785278,
      "fee_rate": 0.0005,
      "slippage_bps": 1.0,
      "processed_bars": 6552,
      "total_bars": 6552,
      "processed_bars_pct": 100.0,
      "status": "full-horizon",
      "error": ""
    },
    {
      "name": "regime_mm",
      "split": "val",
      "score": -0.3208569222578979,
      "sharpe": -0.3208569222578979,
      "total_return_pct": -3.129256962733634,
      "max_drawdown_pct": 11.16628941378496,
      "num_trades": 12854,
      "win_rate_pct": 2.2556390977443606,
      "profit_factor": 0.005460505081009848,
      "annual_turnover": 9647382.191881875,
      "backtest_seconds": 41.61918544769287,
      "fee_rate": 0.0005,
      "slippage_bps": 1.0,
      "processed_bars": 6552,
      "total_bars": 6552,
      "processed_bars_pct": 100.0,
      "status": "full-horizon",
      "error": ""
    },
    {
      "name": "avellaneda_mm",
      "split": "val",
      "score": -2.3005304314344497,
      "sharpe": -2.3005304314344497,
      "total_return_pct": -8.736199533491467,
      "max_drawdown_pct": 8.887255965161268,
      "num_trades": 2858,
      "win_rate_pct": 60.881735479356195,
      "profit_factor": 0.9640183340219137,
      "annual_turnover": 18056497.025727764,
      "backtest_seconds": 39.01718997955322,
      "fee_rate": 0.0005,
      "slippage_bps": 1.0,
      "processed_bars": 6552,
      "total_bars": 6552,
      "processed_bars_pct": 100.0,
      "status": "full-horizon",
      "error": ""
    },
    {
      "name": "mean_reversion",
      "split": "val",
      "score": -3.9668374600640957,
      "sharpe": -3.3816985911236586,
      "total_return_pct": -26.16454201925309,
      "max_drawdown_pct": 26.702777378808744,
      "num_trades": 3185,
      "win_rate_pct": 63.04619225967541,
      "profit_factor": 0.749765446756329,
      "annual_turnover": 19248584.848295078,
      "backtest_seconds": 35.64995265007019,
      "fee_rate": 0.0005,
      "slippage_bps": 1.0,
      "processed_bars": 6552,
      "total_bars": 6552,
      "processed_bars_pct": 100.0,
      "status": "full-horizon",
      "error": ""
    }
  ],
  "cost_stress": [
    {
      "name": "current_strategy_cost_default",
      "split": "val",
      "score": 17.531507595693377,
      "sharpe": 17.540930126581728,
      "total_return_pct": 81.84792485674718,
      "max_drawdown_pct": 0.34770942529151916,
      "num_trades": 7528,
      "win_rate_pct": 75.16483516483517,
      "profit_factor": 8.853259514740492,
      "annual_turnover": 50942253.08883525,
      "backtest_seconds": 60.04777503013611,
      "fee_rate": 0.0005,
      "slippage_bps": 1.0,
      "processed_bars": 6552,
      "total_bars": 6552,
      "processed_bars_pct": 100.0,
      "status": "full-horizon",
      "error": ""
    },
    {
      "name": "current_strategy_cost_x2",
      "split": "val",
      "score": 13.042208052055699,
      "sharpe": 13.042208052055699,
      "total_return_pct": 55.17202278795763,
      "max_drawdown_pct": 0.35091499581986096,
      "num_trades": 7528,
      "win_rate_pct": 74.09733124018838,
      "profit_factor": 8.284271649072085,
      "annual_turnover": 46744492.2151596,
      "backtest_seconds": 57.09843993186951,
      "fee_rate": 0.001,
      "slippage_bps": 2.0,
      "processed_bars": 6552,
      "total_bars": 6552,
      "processed_bars_pct": 100.0,
      "status": "full-horizon",
      "error": ""
    },
    {
      "name": "current_strategy_cost_x3",
      "split": "val",
      "score": 7.321318633318701,
      "sharpe": 7.321318633318701,
      "total_return_pct": 27.74332610538072,
      "max_drawdown_pct": 0.7372870807445767,
      "num_trades": 7528,
      "win_rate_pct": 71.30298273155417,
      "profit_factor": 6.826366301640244,
      "annual_turnover": 42187774.45358651,
      "backtest_seconds": 57.34930157661438,
      "fee_rate": 0.0015,
      "slippage_bps": 5.0,
      "processed_bars": 6552,
      "total_bars": 6552,
      "processed_bars_pct": 100.0,
      "status": "full-horizon",
      "error": ""
    }
  ],
  "artifacts": {
    "leaderboard_csv": "artifacts\\research_full_horizon\\leaderboard.csv",
    "cost_stress_csv": "artifacts\\research_full_horizon\\cost_stress.csv",
    "summary_json": "artifacts\\research_full_horizon\\summary.json"
  }
}